<annotation>
        <folder>font</folder>
        <filename>04dc6be4599a36518fcb26bf9355508d57ce6887 - 1.jpg</filename>
        <path>/home/plutusdev/Downloads/Seven-Segment-OCR-master/Datasets_Eleven/4/04dc6be4599a36518fcb26bf9355508d57ce6887 - 1.jpg</path>
        <source>
            <database>Unknown</database>
        </source>
        <size>
            <width>26</width>
            <height>41</height>
            <depth>1</depth>
        </size>
        <segmented>0</segmented>
        <object>
            <name>four</name>
            <pose>Unspecified</pose>
            <truncated>0</truncated>
            <difficult>0</difficult>
            <bndbox>
                <xmin>0</xmin>
                <ymin>0</ymin>
                <xmax>26</xmax>
                <ymax>41</ymax>
            </bndbox>
        </object>
    </annotation>