<annotation>
        <folder>font</folder>
        <filename>08d0cfda33f8ba7f58945e600ae44daa93ed0cda - 0.jpg</filename>
        <path>/home/plutusdev/Downloads/Seven-Segment-OCR-master/Datasets_Eleven/6/08d0cfda33f8ba7f58945e600ae44daa93ed0cda - 0.jpg</path>
        <source>
            <database>Unknown</database>
        </source>
        <size>
            <width>26</width>
            <height>43</height>
            <depth>1</depth>
        </size>
        <segmented>0</segmented>
        <object>
            <name>six</name>
            <pose>Unspecified</pose>
            <truncated>0</truncated>
            <difficult>0</difficult>
            <bndbox>
                <xmin>0</xmin>
                <ymin>0</ymin>
                <xmax>26</xmax>
                <ymax>43</ymax>
            </bndbox>
        </object>
    </annotation>