<annotation>
        <folder>font</folder>
        <filename>0c1979be441eb95a6f1c7aaba65edeefda5412a9 - 3.jpg</filename>
        <path>/home/plutusdev/Downloads/Seven-Segment-OCR-master/Datasets_Eleven/4/0c1979be441eb95a6f1c7aaba65edeefda5412a9 - 3.jpg</path>
        <source>
            <database>Unknown</database>
        </source>
        <size>
            <width>25</width>
            <height>42</height>
            <depth>1</depth>
        </size>
        <segmented>0</segmented>
        <object>
            <name>four</name>
            <pose>Unspecified</pose>
            <truncated>0</truncated>
            <difficult>0</difficult>
            <bndbox>
                <xmin>0</xmin>
                <ymin>0</ymin>
                <xmax>25</xmax>
                <ymax>42</ymax>
            </bndbox>
        </object>
    </annotation>