<annotation>
        <folder>font</folder>
        <filename>0d37b1653107d4413b07d26d20f59a919ef45564_3.jpg</filename>
        <path>/home/plutusdev/Downloads/Seven-Segment-OCR-master/Datasets_digits/8/0d37b1653107d4413b07d26d20f59a919ef45564_3.jpg</path>
        <source>
            <database>Unknown</database>
        </source>
        <size>
            <width>62</width>
            <height>100</height>
            <depth>1</depth>
        </size>
        <segmented>0</segmented>
        <object>
            <name>eight</name>
            <pose>Unspecified</pose>
            <truncated>0</truncated>
            <difficult>0</difficult>
            <bndbox>
                <xmin>0</xmin>
                <ymin>0</ymin>
                <xmax>62</xmax>
                <ymax>100</ymax>
            </bndbox>
        </object>
    </annotation>