<annotation>
        <folder>font</folder>
        <filename>1c3a1695baa8639a34118790f2490a2ff20e4b6d_3.jpg</filename>
        <path>/home/plutusdev/Downloads/Seven-Segment-OCR-master/Datasets_digits/9/1c3a1695baa8639a34118790f2490a2ff20e4b6d_3.jpg</path>
        <source>
            <database>Unknown</database>
        </source>
        <size>
            <width>62</width>
            <height>100</height>
            <depth>1</depth>
        </size>
        <segmented>0</segmented>
        <object>
            <name>nine</name>
            <pose>Unspecified</pose>
            <truncated>0</truncated>
            <difficult>0</difficult>
            <bndbox>
                <xmin>0</xmin>
                <ymin>0</ymin>
                <xmax>62</xmax>
                <ymax>100</ymax>
            </bndbox>
        </object>
    </annotation>