<annotation>
        <folder>font</folder>
        <filename>2b6481132ed176928dfeefd11f7b10b56b49d517 - 0.jpg</filename>
        <path>/home/plutusdev/Downloads/Seven-Segment-OCR-master/Datasets_Eleven/8/2b6481132ed176928dfeefd11f7b10b56b49d517 - 0.jpg</path>
        <source>
            <database>Unknown</database>
        </source>
        <size>
            <width>28</width>
            <height>45</height>
            <depth>1</depth>
        </size>
        <segmented>0</segmented>
        <object>
            <name>eight</name>
            <pose>Unspecified</pose>
            <truncated>0</truncated>
            <difficult>0</difficult>
            <bndbox>
                <xmin>0</xmin>
                <ymin>0</ymin>
                <xmax>28</xmax>
                <ymax>45</ymax>
            </bndbox>
        </object>
    </annotation>