<annotation>
        <folder>font</folder>
        <filename>3dda11f98b920b17f0cb011cb881888801bf991a - 1.jpg</filename>
        <path>/home/plutusdev/Downloads/Seven-Segment-OCR-master/Datasets_Eleven/5/3dda11f98b920b17f0cb011cb881888801bf991a - 1.jpg</path>
        <source>
            <database>Unknown</database>
        </source>
        <size>
            <width>24</width>
            <height>42</height>
            <depth>1</depth>
        </size>
        <segmented>0</segmented>
        <object>
            <name>five</name>
            <pose>Unspecified</pose>
            <truncated>0</truncated>
            <difficult>0</difficult>
            <bndbox>
                <xmin>0</xmin>
                <ymin>0</ymin>
                <xmax>24</xmax>
                <ymax>42</ymax>
            </bndbox>
        </object>
    </annotation>