<annotation>
        <folder>font</folder>
        <filename>4a322d88fca63d74fb42eee30846e99735c17905 - 0.jpg</filename>
        <path>/home/plutusdev/Downloads/Seven-Segment-OCR-master/Datasets_Eleven/1/4a322d88fca63d74fb42eee30846e99735c17905 - 0.jpg</path>
        <source>
            <database>Unknown</database>
        </source>
        <size>
            <width>11</width>
            <height>43</height>
            <depth>1</depth>
        </size>
        <segmented>0</segmented>
        <object>
            <name>one</name>
            <pose>Unspecified</pose>
            <truncated>0</truncated>
            <difficult>0</difficult>
            <bndbox>
                <xmin>0</xmin>
                <ymin>0</ymin>
                <xmax>11</xmax>
                <ymax>43</ymax>
            </bndbox>
        </object>
    </annotation>