<annotation>
        <folder>font</folder>
        <filename>4ac652ff81459defe503fb6a28feaedf4ac2fb7c - 4.jpg</filename>
        <path>/home/plutusdev/Downloads/Seven-Segment-OCR-master/Datasets_Eleven/0/4ac652ff81459defe503fb6a28feaedf4ac2fb7c - 4.jpg</path>
        <source>
            <database>Unknown</database>
        </source>
        <size>
            <width>28</width>
            <height>42</height>
            <depth>1</depth>
        </size>
        <segmented>0</segmented>
        <object>
            <name>zero</name>
            <pose>Unspecified</pose>
            <truncated>0</truncated>
            <difficult>0</difficult>
            <bndbox>
                <xmin>0</xmin>
                <ymin>0</ymin>
                <xmax>28</xmax>
                <ymax>42</ymax>
            </bndbox>
        </object>
    </annotation>