<annotation>
        <folder>font</folder>
        <filename>5aa80b92afc33b2523e65c15262897997f9ff52a - 0.jpg</filename>
        <path>/home/plutusdev/Downloads/Seven-Segment-OCR-master/Datasets_Eleven/5/5aa80b92afc33b2523e65c15262897997f9ff52a - 0.jpg</path>
        <source>
            <database>Unknown</database>
        </source>
        <size>
            <width>25</width>
            <height>45</height>
            <depth>1</depth>
        </size>
        <segmented>0</segmented>
        <object>
            <name>five</name>
            <pose>Unspecified</pose>
            <truncated>0</truncated>
            <difficult>0</difficult>
            <bndbox>
                <xmin>0</xmin>
                <ymin>0</ymin>
                <xmax>25</xmax>
                <ymax>45</ymax>
            </bndbox>
        </object>
    </annotation>