<annotation>
        <folder>font</folder>
        <filename>5d0094b2e7e8c1453d7529cc83cf4fa9167b484f - 3.jpg</filename>
        <path>/home/plutusdev/Downloads/Seven-Segment-OCR-master/Datasets_Eleven/0/5d0094b2e7e8c1453d7529cc83cf4fa9167b484f - 3.jpg</path>
        <source>
            <database>Unknown</database>
        </source>
        <size>
            <width>27</width>
            <height>43</height>
            <depth>1</depth>
        </size>
        <segmented>0</segmented>
        <object>
            <name>zero</name>
            <pose>Unspecified</pose>
            <truncated>0</truncated>
            <difficult>0</difficult>
            <bndbox>
                <xmin>0</xmin>
                <ymin>0</ymin>
                <xmax>27</xmax>
                <ymax>43</ymax>
            </bndbox>
        </object>
    </annotation>