<annotation>
        <folder>font</folder>
        <filename>6e698f0b367607f0fa89763a2f1c3e11c42096ad - 1.jpg</filename>
        <path>/home/plutusdev/Downloads/Seven-Segment-OCR-master/Datasets_Eleven/0/6e698f0b367607f0fa89763a2f1c3e11c42096ad - 1.jpg</path>
        <source>
            <database>Unknown</database>
        </source>
        <size>
            <width>27</width>
            <height>42</height>
            <depth>1</depth>
        </size>
        <segmented>0</segmented>
        <object>
            <name>zero</name>
            <pose>Unspecified</pose>
            <truncated>0</truncated>
            <difficult>0</difficult>
            <bndbox>
                <xmin>0</xmin>
                <ymin>0</ymin>
                <xmax>27</xmax>
                <ymax>42</ymax>
            </bndbox>
        </object>
    </annotation>