<annotation>
        <folder>font</folder>
        <filename>7c78f916fc9f716f6c7db5095cd690f79b29cd31 - 2.jpg</filename>
        <path>/home/plutusdev/Downloads/Seven-Segment-OCR-master/Datasets_Eleven/0/7c78f916fc9f716f6c7db5095cd690f79b29cd31 - 2.jpg</path>
        <source>
            <database>Unknown</database>
        </source>
        <size>
            <width>29</width>
            <height>45</height>
            <depth>1</depth>
        </size>
        <segmented>0</segmented>
        <object>
            <name>zero</name>
            <pose>Unspecified</pose>
            <truncated>0</truncated>
            <difficult>0</difficult>
            <bndbox>
                <xmin>0</xmin>
                <ymin>0</ymin>
                <xmax>29</xmax>
                <ymax>45</ymax>
            </bndbox>
        </object>
    </annotation>