<annotation>
        <folder>font</folder>
        <filename>7d5791314bdebcf4d57b8c7f0358abe7cc1003e8 - 0.jpg</filename>
        <path>/home/plutusdev/Downloads/Seven-Segment-OCR-master/Datasets_Eleven/2/7d5791314bdebcf4d57b8c7f0358abe7cc1003e8 - 0.jpg</path>
        <source>
            <database>Unknown</database>
        </source>
        <size>
            <width>29</width>
            <height>47</height>
            <depth>1</depth>
        </size>
        <segmented>0</segmented>
        <object>
            <name>two</name>
            <pose>Unspecified</pose>
            <truncated>0</truncated>
            <difficult>0</difficult>
            <bndbox>
                <xmin>0</xmin>
                <ymin>0</ymin>
                <xmax>29</xmax>
                <ymax>47</ymax>
            </bndbox>
        </object>
    </annotation>