<annotation>
        <folder>font</folder>
        <filename>7f3858530e5bfb01f3b76aeadb4a01212d53f0fe - 0.jpg</filename>
        <path>/home/plutusdev/Downloads/Seven-Segment-OCR-master/Datasets_Eleven/2/7f3858530e5bfb01f3b76aeadb4a01212d53f0fe - 0.jpg</path>
        <source>
            <database>Unknown</database>
        </source>
        <size>
            <width>28</width>
            <height>42</height>
            <depth>1</depth>
        </size>
        <segmented>0</segmented>
        <object>
            <name>two</name>
            <pose>Unspecified</pose>
            <truncated>0</truncated>
            <difficult>0</difficult>
            <bndbox>
                <xmin>0</xmin>
                <ymin>0</ymin>
                <xmax>28</xmax>
                <ymax>42</ymax>
            </bndbox>
        </object>
    </annotation>