<annotation>
        <folder>font</folder>
        <filename>9a0c8185141db0f185bed03de473f55c7ef3ba35 - 0.jpg</filename>
        <path>/home/plutusdev/Downloads/Seven-Segment-OCR-master/Datasets_Eleven/4/9a0c8185141db0f185bed03de473f55c7ef3ba35 - 0.jpg</path>
        <source>
            <database>Unknown</database>
        </source>
        <size>
            <width>26</width>
            <height>42</height>
            <depth>1</depth>
        </size>
        <segmented>0</segmented>
        <object>
            <name>four</name>
            <pose>Unspecified</pose>
            <truncated>0</truncated>
            <difficult>0</difficult>
            <bndbox>
                <xmin>0</xmin>
                <ymin>0</ymin>
                <xmax>26</xmax>
                <ymax>42</ymax>
            </bndbox>
        </object>
    </annotation>