<annotation>
        <folder>font</folder>
        <filename>9bf1eabebccee5cac7f1266205c0f157f9b3adbf - 1.jpg</filename>
        <path>/home/plutusdev/Downloads/Seven-Segment-OCR-master/Datasets_Eleven/3/9bf1eabebccee5cac7f1266205c0f157f9b3adbf - 1.jpg</path>
        <source>
            <database>Unknown</database>
        </source>
        <size>
            <width>24</width>
            <height>43</height>
            <depth>1</depth>
        </size>
        <segmented>0</segmented>
        <object>
            <name>three</name>
            <pose>Unspecified</pose>
            <truncated>0</truncated>
            <difficult>0</difficult>
            <bndbox>
                <xmin>0</xmin>
                <ymin>0</ymin>
                <xmax>24</xmax>
                <ymax>43</ymax>
            </bndbox>
        </object>
    </annotation>