<annotation>
	<folder>font</folder>
	<filename>white_image4.jpg</filename>
	<path>/home/plutusdev/Projects/font-detector-main/font/white_image4.jpg</path>
	<source>
		<database>Unknown</database>
	</source>
	<size>
		<width>254</width>
		<height>73</height>
		<depth>1</depth>
	</size>
	<segmented>0</segmented>
	<object>
		<name>zero</name>
		<pose>Unspecified</pose>
		<truncated>0</truncated>
		<difficult>0</difficult>
		<bndbox>
			<xmin>19</xmin>
			<ymin>17</ymin>
			<xmax>45</xmax>
			<ymax>63</ymax>
		</bndbox>
	</object>
	<object>
		<name>one</name>
		<pose>Unspecified</pose>
		<truncated>0</truncated>
		<difficult>0</difficult>
		<bndbox>
			<xmin>87</xmin>
			<ymin>20</ymin>
			<xmax>93</xmax>
			<ymax>60</ymax>
		</bndbox>
	</object>
	<object>
		<name>two</name>
		<pose>Unspecified</pose>
		<truncated>0</truncated>
		<difficult>0</difficult>
		<bndbox>
			<xmin>117</xmin>
			<ymin>18</ymin>
			<xmax>142</xmax>
			<ymax>63</ymax>
		</bndbox>
	</object>
	<object>
		<name>three</name>
		<pose>Unspecified</pose>
		<truncated>0</truncated>
		<difficult>0</difficult>
		<bndbox>
			<xmin>166</xmin>
			<ymin>18</ymin>
			<xmax>190</xmax>
			<ymax>63</ymax>
		</bndbox>
	</object>
	<object>
		<name>four</name>
		<pose>Unspecified</pose>
		<truncated>0</truncated>
		<difficult>0</difficult>
		<bndbox>
			<xmin>211</xmin>
			<ymin>20</ymin>
			<xmax>238</xmax>
			<ymax>60</ymax>
		</bndbox>
	</object>
</annotation>
