<annotation>
	<folder>font</folder>
	<filename>white_green-font.jpg</filename>
	<path>/home/plutusdev/Projects/font-detector-main/font/white_green-font.jpg</path>
	<source>
		<database>Unknown</database>
	</source>
	<size>
		<width>532</width>
		<height>222</height>
		<depth>1</depth>
	</size>
	<segmented>0</segmented>
	<object>
		<name>two</name>
		<pose>Unspecified</pose>
		<truncated>0</truncated>
		<difficult>0</difficult>
		<bndbox>
			<xmin>8</xmin>
			<ymin>5</ymin>
			<xmax>123</xmax>
			<ymax>216</ymax>
		</bndbox>
	</object>
	<object>
		<name>zero</name>
		<pose>Unspecified</pose>
		<truncated>0</truncated>
		<difficult>0</difficult>
		<bndbox>
			<xmin>139</xmin>
			<ymin>8</ymin>
			<xmax>258</xmax>
			<ymax>214</ymax>
		</bndbox>
	</object>
	<object>
		<name>one</name>
		<pose>Unspecified</pose>
		<truncated>0</truncated>
		<difficult>0</difficult>
		<bndbox>
			<xmin>360</xmin>
			<ymin>15</ymin>
			<xmax>385</xmax>
			<ymax>208</ymax>
		</bndbox>
	</object>
	<object>
		<name>seven</name>
		<pose>Unspecified</pose>
		<truncated>0</truncated>
		<difficult>0</difficult>
		<bndbox>
			<xmin>412</xmin>
			<ymin>7</ymin>
			<xmax>522</xmax>
			<ymax>207</ymax>
		</bndbox>
	</object>
</annotation>
