<annotation>
        <folder>font</folder>
        <filename>01655d44829e5a4d8f7deb7113bc62224103a58f_3.jpg</filename>
        <path>/home/plutusdev/Downloads/Seven-Segment-OCR-master/Datasets_digits/7/01655d44829e5a4d8f7deb7113bc62224103a58f_3.jpg</path>
        <source>
            <database>Unknown</database>
        </source>
        <size>
            <width>62</width>
            <height>100</height>
            <depth>1</depth>
        </size>
        <segmented>0</segmented>
        <object>
            <name>seven</name>
            <pose>Unspecified</pose>
            <truncated>0</truncated>
            <difficult>0</difficult>
            <bndbox>
                <xmin>0</xmin>
                <ymin>0</ymin>
                <xmax>62</xmax>
                <ymax>100</ymax>
            </bndbox>
        </object>
    </annotation>