<annotation>
        <folder>font</folder>
        <filename>01cbb4e0a7fd47251fc1340aa9df876ebd41a0c2 - 2.jpg</filename>
        <path>/home/plutusdev/Downloads/Seven-Segment-OCR-master/Datasets_Eleven/0/01cbb4e0a7fd47251fc1340aa9df876ebd41a0c2 - 2.jpg</path>
        <source>
            <database>Unknown</database>
        </source>
        <size>
            <width>28</width>
            <height>44</height>
            <depth>1</depth>
        </size>
        <segmented>0</segmented>
        <object>
            <name>zero</name>
            <pose>Unspecified</pose>
            <truncated>0</truncated>
            <difficult>0</difficult>
            <bndbox>
                <xmin>0</xmin>
                <ymin>0</ymin>
                <xmax>28</xmax>
                <ymax>44</ymax>
            </bndbox>
        </object>
    </annotation>