<annotation>
        <folder>font</folder>
        <filename>05e5e706f7654e756c1d4dc0740759f9559ab638 - 1.jpg</filename>
        <path>/home/plutusdev/Downloads/Seven-Segment-OCR-master/Datasets_Eleven/2/05e5e706f7654e756c1d4dc0740759f9559ab638 - 1.jpg</path>
        <source>
            <database>Unknown</database>
        </source>
        <size>
            <width>29</width>
            <height>42</height>
            <depth>1</depth>
        </size>
        <segmented>0</segmented>
        <object>
            <name>two</name>
            <pose>Unspecified</pose>
            <truncated>0</truncated>
            <difficult>0</difficult>
            <bndbox>
                <xmin>0</xmin>
                <ymin>0</ymin>
                <xmax>29</xmax>
                <ymax>42</ymax>
            </bndbox>
        </object>
    </annotation>