<annotation>
        <folder>font</folder>
        <filename>0f7d9a795212d9e140181ec73a32a493af22a100 - 2.jpg</filename>
        <path>/home/plutusdev/Downloads/Seven-Segment-OCR-master/Datasets_Eleven/1/0f7d9a795212d9e140181ec73a32a493af22a100 - 2.jpg</path>
        <source>
            <database>Unknown</database>
        </source>
        <size>
            <width>12</width>
            <height>44</height>
            <depth>1</depth>
        </size>
        <segmented>0</segmented>
        <object>
            <name>one</name>
            <pose>Unspecified</pose>
            <truncated>0</truncated>
            <difficult>0</difficult>
            <bndbox>
                <xmin>0</xmin>
                <ymin>0</ymin>
                <xmax>12</xmax>
                <ymax>44</ymax>
            </bndbox>
        </object>
    </annotation>