<annotation>
        <folder>font</folder>
        <filename>0fc1317374529ccc9ead94895c8722c1681ce187 - 2.jpg</filename>
        <path>/home/plutusdev/Downloads/Seven-Segment-OCR-master/Datasets_Eleven/0/0fc1317374529ccc9ead94895c8722c1681ce187 - 2.jpg</path>
        <source>
            <database>Unknown</database>
        </source>
        <size>
            <width>24</width>
            <height>43</height>
            <depth>1</depth>
        </size>
        <segmented>0</segmented>
        <object>
            <name>zero</name>
            <pose>Unspecified</pose>
            <truncated>0</truncated>
            <difficult>0</difficult>
            <bndbox>
                <xmin>0</xmin>
                <ymin>0</ymin>
                <xmax>24</xmax>
                <ymax>43</ymax>
            </bndbox>
        </object>
    </annotation>