<annotation>
        <folder>font</folder>
        <filename>1bc7bbefa14f6d7680e055191f8ba99823defba6 - 3.jpg</filename>
        <path>/home/plutusdev/Downloads/Seven-Segment-OCR-master/Datasets_Eleven/0/1bc7bbefa14f6d7680e055191f8ba99823defba6 - 3.jpg</path>
        <source>
            <database>Unknown</database>
        </source>
        <size>
            <width>26</width>
            <height>41</height>
            <depth>1</depth>
        </size>
        <segmented>0</segmented>
        <object>
            <name>zero</name>
            <pose>Unspecified</pose>
            <truncated>0</truncated>
            <difficult>0</difficult>
            <bndbox>
                <xmin>0</xmin>
                <ymin>0</ymin>
                <xmax>26</xmax>
                <ymax>41</ymax>
            </bndbox>
        </object>
    </annotation>