<annotation>
        <folder>font</folder>
        <filename>1c51008cbfe5fa2785673ce5764e1e0130b4d62f - 3.jpg</filename>
        <path>/home/plutusdev/Downloads/Seven-Segment-OCR-master/Datasets_Eleven/0/1c51008cbfe5fa2785673ce5764e1e0130b4d62f - 3.jpg</path>
        <source>
            <database>Unknown</database>
        </source>
        <size>
            <width>27</width>
            <height>44</height>
            <depth>1</depth>
        </size>
        <segmented>0</segmented>
        <object>
            <name>zero</name>
            <pose>Unspecified</pose>
            <truncated>0</truncated>
            <difficult>0</difficult>
            <bndbox>
                <xmin>0</xmin>
                <ymin>0</ymin>
                <xmax>27</xmax>
                <ymax>44</ymax>
            </bndbox>
        </object>
    </annotation>