<annotation>
        <folder>font</folder>
        <filename>231f7c763bd85f893294ac297df6a855608b6cc5_3.jpg</filename>
        <path>/home/plutusdev/Downloads/Seven-Segment-OCR-master/Datasets_digits/2/231f7c763bd85f893294ac297df6a855608b6cc5_3.jpg</path>
        <source>
            <database>Unknown</database>
        </source>
        <size>
            <width>62</width>
            <height>100</height>
            <depth>1</depth>
        </size>
        <segmented>0</segmented>
        <object>
            <name>two</name>
            <pose>Unspecified</pose>
            <truncated>0</truncated>
            <difficult>0</difficult>
            <bndbox>
                <xmin>0</xmin>
                <ymin>0</ymin>
                <xmax>62</xmax>
                <ymax>100</ymax>
            </bndbox>
        </object>
    </annotation>