<annotation>
        <folder>font</folder>
        <filename>2f4e7043428941035e5fec2ae92e9b6b6b14ddd7 - 1.jpg</filename>
        <path>/home/plutusdev/Downloads/Seven-Segment-OCR-master/Datasets_Eleven/4/2f4e7043428941035e5fec2ae92e9b6b6b14ddd7 - 1.jpg</path>
        <source>
            <database>Unknown</database>
        </source>
        <size>
            <width>26</width>
            <height>43</height>
            <depth>1</depth>
        </size>
        <segmented>0</segmented>
        <object>
            <name>four</name>
            <pose>Unspecified</pose>
            <truncated>0</truncated>
            <difficult>0</difficult>
            <bndbox>
                <xmin>0</xmin>
                <ymin>0</ymin>
                <xmax>26</xmax>
                <ymax>43</ymax>
            </bndbox>
        </object>
    </annotation>