<annotation>
        <folder>font</folder>
        <filename>3c823ec6e7a7405211c7d9281432a406929eff97 - 1.jpg</filename>
        <path>/home/plutusdev/Downloads/Seven-Segment-OCR-master/Datasets_Eleven/5/3c823ec6e7a7405211c7d9281432a406929eff97 - 1.jpg</path>
        <source>
            <database>Unknown</database>
        </source>
        <size>
            <width>25</width>
            <height>46</height>
            <depth>1</depth>
        </size>
        <segmented>0</segmented>
        <object>
            <name>five</name>
            <pose>Unspecified</pose>
            <truncated>0</truncated>
            <difficult>0</difficult>
            <bndbox>
                <xmin>0</xmin>
                <ymin>0</ymin>
                <xmax>25</xmax>
                <ymax>46</ymax>
            </bndbox>
        </object>
    </annotation>