<annotation>
        <folder>font</folder>
        <filename>3dda11f98b920b17f0cb011cb881888801bf991a - 3.jpg</filename>
        <path>/home/plutusdev/Downloads/Seven-Segment-OCR-master/Datasets_Eleven/0/3dda11f98b920b17f0cb011cb881888801bf991a - 3.jpg</path>
        <source>
            <database>Unknown</database>
        </source>
        <size>
            <width>28</width>
            <height>43</height>
            <depth>1</depth>
        </size>
        <segmented>0</segmented>
        <object>
            <name>zero</name>
            <pose>Unspecified</pose>
            <truncated>0</truncated>
            <difficult>0</difficult>
            <bndbox>
                <xmin>0</xmin>
                <ymin>0</ymin>
                <xmax>28</xmax>
                <ymax>43</ymax>
            </bndbox>
        </object>
    </annotation>