<annotation>
        <folder>font</folder>
        <filename>3ec9e22f20aea1dd0899216fe613a785b616704f - 0.jpg</filename>
        <path>/home/plutusdev/Downloads/Seven-Segment-OCR-master/Datasets_Eleven/4/3ec9e22f20aea1dd0899216fe613a785b616704f - 0.jpg</path>
        <source>
            <database>Unknown</database>
        </source>
        <size>
            <width>27</width>
            <height>42</height>
            <depth>1</depth>
        </size>
        <segmented>0</segmented>
        <object>
            <name>four</name>
            <pose>Unspecified</pose>
            <truncated>0</truncated>
            <difficult>0</difficult>
            <bndbox>
                <xmin>0</xmin>
                <ymin>0</ymin>
                <xmax>27</xmax>
                <ymax>42</ymax>
            </bndbox>
        </object>
    </annotation>