<annotation>
        <folder>font</folder>
        <filename>3ec9e22f20aea1dd0899216fe613a785b616704f - 1.jpg</filename>
        <path>/home/plutusdev/Downloads/Seven-Segment-OCR-master/Datasets_Eleven/1/3ec9e22f20aea1dd0899216fe613a785b616704f - 1.jpg</path>
        <source>
            <database>Unknown</database>
        </source>
        <size>
            <width>9</width>
            <height>43</height>
            <depth>1</depth>
        </size>
        <segmented>0</segmented>
        <object>
            <name>one</name>
            <pose>Unspecified</pose>
            <truncated>0</truncated>
            <difficult>0</difficult>
            <bndbox>
                <xmin>0</xmin>
                <ymin>0</ymin>
                <xmax>9</xmax>
                <ymax>43</ymax>
            </bndbox>
        </object>
    </annotation>