<annotation>
        <folder>font</folder>
        <filename>45d7f253212cb2fbb401aa6193d8b8e4e4420854_3.jpg</filename>
        <path>/home/plutusdev/Downloads/Seven-Segment-OCR-master/Datasets_digits/6/45d7f253212cb2fbb401aa6193d8b8e4e4420854_3.jpg</path>
        <source>
            <database>Unknown</database>
        </source>
        <size>
            <width>62</width>
            <height>100</height>
            <depth>1</depth>
        </size>
        <segmented>0</segmented>
        <object>
            <name>six</name>
            <pose>Unspecified</pose>
            <truncated>0</truncated>
            <difficult>0</difficult>
            <bndbox>
                <xmin>0</xmin>
                <ymin>0</ymin>
                <xmax>62</xmax>
                <ymax>100</ymax>
            </bndbox>
        </object>
    </annotation>