<annotation>
        <folder>font</folder>
        <filename>4ac652ff81459defe503fb6a28feaedf4ac2fb7c - 0.jpg</filename>
        <path>/home/plutusdev/Downloads/Seven-Segment-OCR-master/Datasets_Eleven/2/4ac652ff81459defe503fb6a28feaedf4ac2fb7c - 0.jpg</path>
        <source>
            <database>Unknown</database>
        </source>
        <size>
            <width>29</width>
            <height>45</height>
            <depth>1</depth>
        </size>
        <segmented>0</segmented>
        <object>
            <name>two</name>
            <pose>Unspecified</pose>
            <truncated>0</truncated>
            <difficult>0</difficult>
            <bndbox>
                <xmin>0</xmin>
                <ymin>0</ymin>
                <xmax>29</xmax>
                <ymax>45</ymax>
            </bndbox>
        </object>
    </annotation>