<annotation>
        <folder>font</folder>
        <filename>4c14ffddd8e9ca7b4a833ab8ce146301fc2c88b6 - 2.jpg</filename>
        <path>/home/plutusdev/Downloads/Seven-Segment-OCR-master/Datasets_Eleven/6/4c14ffddd8e9ca7b4a833ab8ce146301fc2c88b6 - 2.jpg</path>
        <source>
            <database>Unknown</database>
        </source>
        <size>
            <width>27</width>
            <height>46</height>
            <depth>1</depth>
        </size>
        <segmented>0</segmented>
        <object>
            <name>six</name>
            <pose>Unspecified</pose>
            <truncated>0</truncated>
            <difficult>0</difficult>
            <bndbox>
                <xmin>0</xmin>
                <ymin>0</ymin>
                <xmax>27</xmax>
                <ymax>46</ymax>
            </bndbox>
        </object>
    </annotation>