<annotation>
        <folder>font</folder>
        <filename>5efa991cf18e861feaedf77355a6de1a010cb79b - 3.jpg</filename>
        <path>/home/plutusdev/Downloads/Seven-Segment-OCR-master/Datasets_Eleven/8/5efa991cf18e861feaedf77355a6de1a010cb79b - 3.jpg</path>
        <source>
            <database>Unknown</database>
        </source>
        <size>
            <width>28</width>
            <height>45</height>
            <depth>1</depth>
        </size>
        <segmented>0</segmented>
        <object>
            <name>eight</name>
            <pose>Unspecified</pose>
            <truncated>0</truncated>
            <difficult>0</difficult>
            <bndbox>
                <xmin>0</xmin>
                <ymin>0</ymin>
                <xmax>28</xmax>
                <ymax>45</ymax>
            </bndbox>
        </object>
    </annotation>