<annotation>
        <folder>font</folder>
        <filename>6be6106d6ca690c46cd575d85294185c86081006 - 1.jpg</filename>
        <path>/home/plutusdev/Downloads/Seven-Segment-OCR-master/Datasets_Eleven/7/6be6106d6ca690c46cd575d85294185c86081006 - 1.jpg</path>
        <source>
            <database>Unknown</database>
        </source>
        <size>
            <width>20</width>
            <height>43</height>
            <depth>1</depth>
        </size>
        <segmented>0</segmented>
        <object>
            <name>seven</name>
            <pose>Unspecified</pose>
            <truncated>0</truncated>
            <difficult>0</difficult>
            <bndbox>
                <xmin>0</xmin>
                <ymin>0</ymin>
                <xmax>20</xmax>
                <ymax>43</ymax>
            </bndbox>
        </object>
    </annotation>