<annotation>
        <folder>font</folder>
        <filename>7b46efce5cb470220e16da197406c8b21ea2c840 - 0.jpg</filename>
        <path>/home/plutusdev/Downloads/Seven-Segment-OCR-master/Datasets_Eleven/7/7b46efce5cb470220e16da197406c8b21ea2c840 - 0.jpg</path>
        <source>
            <database>Unknown</database>
        </source>
        <size>
            <width>20</width>
            <height>42</height>
            <depth>1</depth>
        </size>
        <segmented>0</segmented>
        <object>
            <name>seven</name>
            <pose>Unspecified</pose>
            <truncated>0</truncated>
            <difficult>0</difficult>
            <bndbox>
                <xmin>0</xmin>
                <ymin>0</ymin>
                <xmax>20</xmax>
                <ymax>42</ymax>
            </bndbox>
        </object>
    </annotation>