<annotation>
        <folder>font</folder>
        <filename>8edb3482301d1a01e52312c33e055b55d2fa9134 - 0.jpg</filename>
        <path>/home/plutusdev/Downloads/Seven-Segment-OCR-master/Datasets_Eleven/0/8edb3482301d1a01e52312c33e055b55d2fa9134 - 0.jpg</path>
        <source>
            <database>Unknown</database>
        </source>
        <size>
            <width>27</width>
            <height>42</height>
            <depth>1</depth>
        </size>
        <segmented>0</segmented>
        <object>
            <name>zero</name>
            <pose>Unspecified</pose>
            <truncated>0</truncated>
            <difficult>0</difficult>
            <bndbox>
                <xmin>0</xmin>
                <ymin>0</ymin>
                <xmax>27</xmax>
                <ymax>42</ymax>
            </bndbox>
        </object>
    </annotation>