<annotation>
        <folder>font</folder>
        <filename>9b335a61b30d6097ba1417dc56b2f271b86b4be4 - 4.jpg</filename>
        <path>/home/plutusdev/Downloads/Seven-Segment-OCR-master/Datasets_Eleven/0/9b335a61b30d6097ba1417dc56b2f271b86b4be4 - 4.jpg</path>
        <source>
            <database>Unknown</database>
        </source>
        <size>
            <width>29</width>
            <height>42</height>
            <depth>1</depth>
        </size>
        <segmented>0</segmented>
        <object>
            <name>zero</name>
            <pose>Unspecified</pose>
            <truncated>0</truncated>
            <difficult>0</difficult>
            <bndbox>
                <xmin>0</xmin>
                <ymin>0</ymin>
                <xmax>29</xmax>
                <ymax>42</ymax>
            </bndbox>
        </object>
    </annotation>