<annotation>
        <folder>font</folder>
        <filename>9b53257ee7e2e46b0e2907c5b8aaac4b94712faa - 0.jpg</filename>
        <path>/home/plutusdev/Downloads/Seven-Segment-OCR-master/Datasets_Eleven/1/9b53257ee7e2e46b0e2907c5b8aaac4b94712faa - 0.jpg</path>
        <source>
            <database>Unknown</database>
        </source>
        <size>
            <width>8</width>
            <height>44</height>
            <depth>1</depth>
        </size>
        <segmented>0</segmented>
        <object>
            <name>one</name>
            <pose>Unspecified</pose>
            <truncated>0</truncated>
            <difficult>0</difficult>
            <bndbox>
                <xmin>0</xmin>
                <ymin>0</ymin>
                <xmax>8</xmax>
                <ymax>44</ymax>
            </bndbox>
        </object>
    </annotation>