<annotation>
        <folder>font</folder>
        <filename>cc9acb43543022d0e9ba0af8e059f92a602ba80f_2.jpg</filename>
        <path>/home/plutusdev/Downloads/Seven-Segment-OCR-master/Datasets_digits/5/cc9acb43543022d0e9ba0af8e059f92a602ba80f_2.jpg</path>
        <source>
            <database>Unknown</database>
        </source>
        <size>
            <width>61</width>
            <height>100</height>
            <depth>1</depth>
        </size>
        <segmented>0</segmented>
        <object>
            <name>five</name>
            <pose>Unspecified</pose>
            <truncated>0</truncated>
            <difficult>0</difficult>
            <bndbox>
                <xmin>0</xmin>
                <ymin>0</ymin>
                <xmax>61</xmax>
                <ymax>100</ymax>
            </bndbox>
        </object>
    </annotation>