<annotation>
	<folder>font_image</folder>
	<filename>white_images2.jpg</filename>
	<path>/home/plutusdev/Projects/font-detector-main/font_image/white_images2.jpg</path>
	<source>
		<database>Unknown</database>
	</source>
	<size>
		<width>600</width>
		<height>435</height>
		<depth>1</depth>
	</size>
	<segmented>0</segmented>
	<object>
		<name>zero</name>
		<pose>Unspecified</pose>
		<truncated>0</truncated>
		<difficult>0</difficult>
		<bndbox>
			<xmin>45</xmin>
			<ymin>35</ymin>
			<xmax>137</xmax>
			<ymax>176</ymax>
		</bndbox>
	</object>
	<object>
		<name>one</name>
		<pose>Unspecified</pose>
		<truncated>0</truncated>
		<difficult>0</difficult>
		<bndbox>
			<xmin>209</xmin>
			<ymin>42</ymin>
			<xmax>239</xmax>
			<ymax>169</ymax>
		</bndbox>
	</object>
	<object>
		<name>two</name>
		<pose>Unspecified</pose>
		<truncated>0</truncated>
		<difficult>0</difficult>
		<bndbox>
			<xmin>257</xmin>
			<ymin>33</ymin>
			<xmax>347</xmax>
			<ymax>176</ymax>
		</bndbox>
	</object>
	<object>
		<name>three</name>
		<pose>Unspecified</pose>
		<truncated>0</truncated>
		<difficult>0</difficult>
		<bndbox>
			<xmin>368</xmin>
			<ymin>32</ymin>
			<xmax>448</xmax>
			<ymax>176</ymax>
		</bndbox>
	</object>
	<object>
		<name>four</name>
		<pose>Unspecified</pose>
		<truncated>0</truncated>
		<difficult>0</difficult>
		<bndbox>
			<xmin>470</xmin>
			<ymin>43</ymin>
			<xmax>554</xmax>
			<ymax>166</ymax>
		</bndbox>
	</object>
	<object>
		<name>five</name>
		<pose>Unspecified</pose>
		<truncated>0</truncated>
		<difficult>0</difficult>
		<bndbox>
			<xmin>54</xmin>
			<ymin>197</ymin>
			<xmax>128</xmax>
			<ymax>341</ymax>
		</bndbox>
	</object>
	<object>
		<name>six</name>
		<pose>Unspecified</pose>
		<truncated>0</truncated>
		<difficult>0</difficult>
		<bndbox>
			<xmin>154</xmin>
			<ymin>198</ymin>
			<xmax>238</xmax>
			<ymax>340</ymax>
		</bndbox>
	</object>
	<object>
		<name>seven</name>
		<pose>Unspecified</pose>
		<truncated>0</truncated>
		<difficult>0</difficult>
		<bndbox>
			<xmin>275</xmin>
			<ymin>198</ymin>
			<xmax>343</xmax>
			<ymax>329</ymax>
		</bndbox>
	</object>
	<object>
		<name>eight</name>
		<pose>Unspecified</pose>
		<truncated>0</truncated>
		<difficult>0</difficult>
		<bndbox>
			<xmin>362</xmin>
			<ymin>196</ymin>
			<xmax>450</xmax>
			<ymax>340</ymax>
		</bndbox>
	</object>
	<object>
		<name>nine</name>
		<pose>Unspecified</pose>
		<truncated>0</truncated>
		<difficult>0</difficult>
		<bndbox>
			<xmin>469</xmin>
			<ymin>196</ymin>
			<xmax>554</xmax>
			<ymax>339</ymax>
		</bndbox>
	</object>
</annotation>
