<annotation>
	<folder>font_image</folder>
	<filename>white_images.jpg</filename>
	<path>/home/plutusdev/Projects/font-detector-main/font_image/white_images.jpg</path>
	<source>
		<database>Unknown</database>
	</source>
	<size>
		<width>600</width>
		<height>620</height>
		<depth>1</depth>
	</size>
	<segmented>0</segmented>
	<object>
		<name>seven</name>
		<pose>Unspecified</pose>
		<truncated>0</truncated>
		<difficult>0</difficult>
		<bndbox>
			<xmin>424</xmin>
			<ymin>94</ymin>
			<xmax>447</xmax>
			<ymax>134</ymax>
		</bndbox>
	</object>
	<object>
		<name>four</name>
		<pose>Unspecified</pose>
		<truncated>0</truncated>
		<difficult>0</difficult>
		<bndbox>
			<xmin>449</xmin>
			<ymin>95</ymin>
			<xmax>475</xmax>
			<ymax>130</ymax>
		</bndbox>
	</object>
	<object>
		<name>zero</name>
		<pose>Unspecified</pose>
		<truncated>0</truncated>
		<difficult>0</difficult>
		<bndbox>
			<xmin>479</xmin>
			<ymin>94</ymin>
			<xmax>503</xmax>
			<ymax>132</ymax>
		</bndbox>
	</object>
	<object>
		<name>two</name>
		<pose>Unspecified</pose>
		<truncated>0</truncated>
		<difficult>0</difficult>
		<bndbox>
			<xmin>422</xmin>
			<ymin>176</ymin>
			<xmax>448</xmax>
			<ymax>218</ymax>
		</bndbox>
	</object>
	<object>
		<name>eight</name>
		<pose>Unspecified</pose>
		<truncated>0</truncated>
		<difficult>0</difficult>
		<bndbox>
			<xmin>450</xmin>
			<ymin>177</ymin>
			<xmax>476</xmax>
			<ymax>218</ymax>
		</bndbox>
	</object>
	<object>
		<name>eight</name>
		<pose>Unspecified</pose>
		<truncated>0</truncated>
		<difficult>0</difficult>
		<bndbox>
			<xmin>479</xmin>
			<ymin>177</ymin>
			<xmax>502</xmax>
			<ymax>218</ymax>
		</bndbox>
	</object>
	<object>
		<name>one</name>
		<pose>Unspecified</pose>
		<truncated>0</truncated>
		<difficult>0</difficult>
		<bndbox>
			<xmin>439</xmin>
			<ymin>261</ymin>
			<xmax>448</xmax>
			<ymax>299</ymax>
		</bndbox>
	</object>
	<object>
		<name>four</name>
		<pose>Unspecified</pose>
		<truncated>0</truncated>
		<difficult>0</difficult>
		<bndbox>
			<xmin>452</xmin>
			<ymin>263</ymin>
			<xmax>475</xmax>
			<ymax>296</ymax>
		</bndbox>
	</object>
	<object>
		<name>eight</name>
		<pose>Unspecified</pose>
		<truncated>0</truncated>
		<difficult>0</difficult>
		<bndbox>
			<xmin>479</xmin>
			<ymin>261</ymin>
			<xmax>503</xmax>
			<ymax>302</ymax>
		</bndbox>
	</object>
	<object>
		<name>one</name>
		<pose>Unspecified</pose>
		<truncated>0</truncated>
		<difficult>0</difficult>
		<bndbox>
			<xmin>468</xmin>
			<ymin>341</ymin>
			<xmax>475</xmax>
			<ymax>384</ymax>
		</bndbox>
	</object>
	<object>
		<name>four</name>
		<pose>Unspecified</pose>
		<truncated>0</truncated>
		<difficult>0</difficult>
		<bndbox>
			<xmin>477</xmin>
			<ymin>350</ymin>
			<xmax>505</xmax>
			<ymax>380</ymax>
		</bndbox>
	</object>
	<object>
		<name>nine</name>
		<pose>Unspecified</pose>
		<truncated>0</truncated>
		<difficult>0</difficult>
		<bndbox>
			<xmin>477</xmin>
			<ymin>427</ymin>
			<xmax>503</xmax>
			<ymax>469</ymax>
		</bndbox>
	</object>
</annotation>
