<annotation>
	<folder>font_image</folder>
	<filename>white_images17.jpg</filename>
	<path>/home/plutusdev/Projects/font-detector-main/font_image/white_images17.jpg</path>
	<source>
		<database>Unknown</database>
	</source>
	<size>
		<width>224</width>
		<height>224</height>
		<depth>1</depth>
	</size>
	<segmented>0</segmented>
	<object>
		<name>one</name>
		<pose>Unspecified</pose>
		<truncated>0</truncated>
		<difficult>0</difficult>
		<bndbox>
			<xmin>62</xmin>
			<ymin>54</ymin>
			<xmax>66</xmax>
			<ymax>75</ymax>
		</bndbox>
	</object>
	<object>
		<name>nine</name>
		<pose>Unspecified</pose>
		<truncated>0</truncated>
		<difficult>0</difficult>
		<bndbox>
			<xmin>72</xmin>
			<ymin>52</ymin>
			<xmax>87</xmax>
			<ymax>78</ymax>
		</bndbox>
	</object>
	<object>
		<name>dot</name>
		<pose>Unspecified</pose>
		<truncated>0</truncated>
		<difficult>0</difficult>
		<bndbox>
			<xmin>87</xmin>
			<ymin>72</ymin>
			<xmax>91</xmax>
			<ymax>78</ymax>
		</bndbox>
	</object>
	<object>
		<name>nine</name>
		<pose>Unspecified</pose>
		<truncated>0</truncated>
		<difficult>0</difficult>
		<bndbox>
			<xmin>94</xmin>
			<ymin>53</ymin>
			<xmax>108</xmax>
			<ymax>78</ymax>
		</bndbox>
	</object>
	<object>
		<name>nine</name>
		<pose>Unspecified</pose>
		<truncated>0</truncated>
		<difficult>0</difficult>
		<bndbox>
			<xmin>115</xmin>
			<ymin>55</ymin>
			<xmax>128</xmax>
			<ymax>78</ymax>
		</bndbox>
	</object>
</annotation>
