<annotation>
	<folder>font_image</folder>
	<filename>white_images3.jpg</filename>
	<path>/home/plutusdev/Projects/font-detector-main/font_image/white_images3.jpg</path>
	<source>
		<database>Unknown</database>
	</source>
	<size>
		<width>600</width>
		<height>620</height>
		<depth>1</depth>
	</size>
	<segmented>0</segmented>
	<object>
		<name>one</name>
		<pose>Unspecified</pose>
		<truncated>0</truncated>
		<difficult>0</difficult>
		<bndbox>
			<xmin>94</xmin>
			<ymin>36</ymin>
			<xmax>115</xmax>
			<ymax>145</ymax>
		</bndbox>
	</object>
	<object>
		<name>two</name>
		<pose>Unspecified</pose>
		<truncated>0</truncated>
		<difficult>0</difficult>
		<bndbox>
			<xmin>176</xmin>
			<ymin>28</ymin>
			<xmax>257</xmax>
			<ymax>154</ymax>
		</bndbox>
	</object>
	<object>
		<name>three</name>
		<pose>Unspecified</pose>
		<truncated>0</truncated>
		<difficult>0</difficult>
		<bndbox>
			<xmin>325</xmin>
			<ymin>27</ymin>
			<xmax>393</xmax>
			<ymax>155</ymax>
		</bndbox>
	</object>
	<object>
		<name>four</name>
		<pose>Unspecified</pose>
		<truncated>0</truncated>
		<difficult>0</difficult>
		<bndbox>
			<xmin>457</xmin>
			<ymin>37</ymin>
			<xmax>535</xmax>
			<ymax>146</ymax>
		</bndbox>
	</object>
	<object>
		<name>five</name>
		<pose>Unspecified</pose>
		<truncated>0</truncated>
		<difficult>0</difficult>
		<bndbox>
			<xmin>39</xmin>
			<ymin>241</ymin>
			<xmax>115</xmax>
			<ymax>372</ymax>
		</bndbox>
	</object>
	<object>
		<name>six</name>
		<pose>Unspecified</pose>
		<truncated>0</truncated>
		<difficult>0</difficult>
		<bndbox>
			<xmin>179</xmin>
			<ymin>241</ymin>
			<xmax>254</xmax>
			<ymax>370</ymax>
		</bndbox>
	</object>
	<object>
		<name>seven</name>
		<pose>Unspecified</pose>
		<truncated>0</truncated>
		<difficult>0</difficult>
		<bndbox>
			<xmin>327</xmin>
			<ymin>241</ymin>
			<xmax>393</xmax>
			<ymax>362</ymax>
		</bndbox>
	</object>
	<object>
		<name>eight</name>
		<pose>Unspecified</pose>
		<truncated>0</truncated>
		<difficult>0</difficult>
		<bndbox>
			<xmin>459</xmin>
			<ymin>241</ymin>
			<xmax>533</xmax>
			<ymax>369</ymax>
		</bndbox>
	</object>
	<object>
		<name>nine</name>
		<pose>Unspecified</pose>
		<truncated>0</truncated>
		<difficult>0</difficult>
		<bndbox>
			<xmin>40</xmin>
			<ymin>455</ymin>
			<xmax>115</xmax>
			<ymax>584</ymax>
		</bndbox>
	</object>
	<object>
		<name>zero</name>
		<pose>Unspecified</pose>
		<truncated>0</truncated>
		<difficult>0</difficult>
		<bndbox>
			<xmin>179</xmin>
			<ymin>455</ymin>
			<xmax>256</xmax>
			<ymax>585</ymax>
		</bndbox>
	</object>
</annotation>
