<annotation>
	<folder>font_image</folder>
	<filename>white_green-font.jpg</filename>
	<path>/home/plutusdev/Projects/font-detector-main/font_image/white_green-font.jpg</path>
	<source>
		<database>Unknown</database>
	</source>
	<size>
		<width>532</width>
		<height>222</height>
		<depth>1</depth>
	</size>
	<segmented>0</segmented>
	<object>
		<name>two</name>
		<pose>Unspecified</pose>
		<truncated>0</truncated>
		<difficult>0</difficult>
		<bndbox>
			<xmin>9</xmin>
			<ymin>9</ymin>
			<xmax>124</xmax>
			<ymax>214</ymax>
		</bndbox>
	</object>
	<object>
		<name>zero</name>
		<pose>Unspecified</pose>
		<truncated>0</truncated>
		<difficult>0</difficult>
		<bndbox>
			<xmin>141</xmin>
			<ymin>7</ymin>
			<xmax>256</xmax>
			<ymax>215</ymax>
		</bndbox>
	</object>
	<object>
		<name>one</name>
		<pose>Unspecified</pose>
		<truncated>0</truncated>
		<difficult>0</difficult>
		<bndbox>
			<xmin>361</xmin>
			<ymin>16</ymin>
			<xmax>386</xmax>
			<ymax>205</ymax>
		</bndbox>
	</object>
	<object>
		<name>seven</name>
		<pose>Unspecified</pose>
		<truncated>0</truncated>
		<difficult>0</difficult>
		<bndbox>
			<xmin>414</xmin>
			<ymin>8</ymin>
			<xmax>520</xmax>
			<ymax>207</ymax>
		</bndbox>
	</object>
</annotation>
